url,primary_keyword,secondary_keywords,intent,page_type,monthly_volume
"/services/business-registration/llp-registration","llp registration","LLP agreement; limited liability partnership; LLP vs private limited; Form FiLLiP; LLP compliance","transactional","service",""
"/services/audit-assurance/statutory-audit","statutory audit","company audit; statutory audit vs tax audit; audit of financial statements; CARO reporting; IFC reporting","transactional","service",""
"/services/roc-compliance/annual-roc-filing","annual roc filing","AOC-4; MGT-7; annual compliance for private limited company; ROC late fees; DIR-3 KYC","transactional","service",""
"/services/accounting-bookkeeping/bookkeeping-services","bookkeeping services","accounting services; outsourced accounting; Tally accounting service; MIS reporting; monthly accounting","transactional","service",""
"/services/audit-assurance/tax-audit","tax audit 44AB","is tax audit applicable; Form 3CD; tax audit limit; F&O tax audit; tax audit report","transactional","service",""
"/services/income-tax/income-tax-notice","income tax notice reply","notice u/s 143(1); notice u/s 142(1); scrutiny assessment; notice u/s 148; defective return notice","transactional","service",""
"/services/gst/gst-notice","gst notice reply","GST show cause notice; ASMT-10; DRC-01; GST appeal; GST cancellation notice","transactional","service",""
"/services/business-registration/opc-registration","opc registration","one person company; OPC vs sole proprietorship; OPC nominee; convert OPC to private limited","transactional","service",""
"/services/business-registration/section-8-company","section 8 company registration","NGO registration; non-profit company; 12A 80G registration; CSR-1 registration","transactional","service",""
"/services/business-registration/startup-india-registration","startup india registration","DPIIT recognition; startup benefits India; how to register startup in India; 80-IAC","transactional","service",""
"/services/business-registration/udyam-registration","udyam registration","MSME registration; udyam certificate; MSME benefits; udyam registration documents","transactional","service",""
"/services/business-registration/trademark-registration","trademark registration","trademark objection reply; brand name registration; trademark search; TM-A","transactional","service",""
"/services/roc-compliance/director-kyc","dir-3 kyc","director KYC last date; DIN deactivation; DIR-3 KYC web; DIR-3 KYC penalty","transactional","service",""
"/services/roc-compliance/llp-annual-filing","llp annual filing","LLP Form 11; LLP Form 8; LLP compliance; LLP late fee","transactional","service",""
"/services/international-tax-fema/nri-tax-filing","nri tax filing","NRI income tax return; can NRI file ITR online; NRI property sale tax; DTAA; Form 15CA 15CB","transactional","service",""
"/services/business-advisory/business-valuation","business valuation","startup valuation; ESOP valuation; share valuation; DCF valuation","transactional","service",""
"/services/income-tax/itr-filing","itr filing online","income tax return filing; file ITR online; ITR for salaried; ITR for business; ITR for freelancers","transactional","service",""
"/services/gst/gst-registration","gst registration online","GST registration documents; who needs GST registration; GST registration for freelancers; GST for e-commerce sellers; GSTIN","transactional","service",""
"/services/gst/gst-return-filing","gst return filing","GSTR-1; GSTR-3B; GST late fee; ITC reconciliation; GST consultant","transactional","service",""
"/services/business-registration/private-limited-company-registration","private limited company registration","company registration; private limited vs LLP; cost of company registration; startup registration; SPICe+","transactional","service",""
"/insights/how-to-file-itr-online","how to file itr online","itr filing step by step","informational","article",""
"/insights/itr-due-dates-and-penalties","itr due date late filing penalty","section 234F; belated return","informational","article",""
"/insights/old-vs-new-tax-regime","old vs new tax regime","tax slabs; which regime is better","informational","article",""
"/insights/how-to-reply-income-tax-notice","how to reply to income tax notice","notice 143(1); notice 142(1); notice 148","informational","article",""
"/insights/capital-gains-tax-shares-property-mutual-funds","capital gains tax on shares property mutual funds","LTCG; STCG","informational","article",""
"/insights/gst-registration-documents-eligibility-process","documents required for gst registration","who needs gst registration","informational","article",""
"/insights/gstr-1-vs-gstr-3b","gstr-1 vs gstr-3b","gst return due dates","informational","article",""
"/insights/gst-late-fee-and-interest","gst late fee and interest","penalty for late filing of gst return","informational","article",""
"/insights/private-limited-vs-llp-vs-opc-vs-proprietorship","private limited vs llp","opc vs proprietorship; which business structure","informational","article",""
"/insights/company-registration-cost-timeline-documents","cost of company registration in india","company registration timeline","informational","article",""
"/insights/annual-roc-compliance-checklist-private-limited","annual compliance for private limited company","roc compliance checklist","informational","article",""
"/insights/dir-3-kyc-who-must-file-and-penalty","what is dir-3 kyc","director kyc penalty","informational","article",""
"/insights/startup-india-dpiit-recognition-benefits","startup india dpiit recognition benefits","dpiit eligibility","informational","article",""
"/insights/tax-audit-section-44ab-limits-applicability","is tax audit applicable for me","tax audit limit; 44AB turnover limit","informational","article",""
"/insights/statutory-audit-vs-tax-audit-vs-internal-audit","statutory audit vs tax audit","internal audit difference","informational","article",""
"/insights/nri-income-tax-filing-tds-dtaa-basics","nri income tax in india","nri tds; dtaa","informational","article",""
"/insights/section-8-company-ngo-registration-process","section 8 company registration process","ngo registration steps","informational","article",""
"/insights/form-15ca-15cb-explained","form 15ca 15cb","foreign remittance certificate","informational","article",""
"/insights/tds-rates-and-due-dates-chart","tds rates chart","tds due dates","informational","article",""
"/insights/compliance-calendar-monthly-due-dates-for-businesses","compliance calendar for businesses","monthly due dates","informational","article",""
"/tools/income-tax-calculator","income tax calculator","old vs new regime calculator","transactional","tool",""
"/tools/hra-calculator","hra calculator","hra exemption","transactional","tool",""
"/tools/gst-calculator","gst calculator","add gst; remove gst","transactional","tool",""
"/tools/emi-calculator","emi calculator","loan emi","transactional","tool",""
"/tools/sip-calculator","sip calculator","sip returns","transactional","tool",""
"/tax-calendar","tax calendar india","compliance due dates; gst tds due dates","informational","page",""
"/ca-in-delhi","chartered accountant in delhi","ca firm in delhi ncr; ca in noida; ca in gurgaon","local","city",""
"/","chartered accountants in india","ca firm; online ca services; phmg & associates","navigational","home",""
"/services","ca services","chartered accountant services","commercial","hub",""
